PDB,exp_dG,Complex ID,Source Data Set,Ligand Chains,Receptor Chains,Ligand Name,Receptor Name,KD(M),Affinity Method,Structure Method,Temperature(K)
3TSR,-21.4043,"3TSR:A, E::PMID=24941155",PDBbind v2020,E,A,mouse ribonuclease inhibitor,mouse ribonuclease 1,2.00E-16,,X-RAY DIFFRACTION,
4PEQ,-21.4043,"4PEQ:A, B::PMID=24941155",PDBbind v2020,B,A,bovine ribonuclease inhibitor,bovine ribonuclease I,2.00E-16,,X-RAY DIFFRACTION,
3U43,-20.4513,"3U43:A, B::PMID=22306467",PDBbind v2020,B,A,endonuclease domain of colicin E2,Colicin-E2 immunity protein,1.00E-15,,X-RAY DIFFRACTION,
4PER,-20.4513,"4PER:A, B::PMID=24941155",PDBbind v2020,A,B,Gallus gallus ribonuclease inhibitor,Gallus gallus ribonuclease I,1.00E-15,,X-RAY DIFFRACTION,
1B27,-19.0879,"1B27:A, D::PMID=10064711",PDBbind v2020,D,A,barstar,barnase,1.00E-14,,X-RAY DIFFRACTION,
1EMV,-18.58,"1EMV:A, B::PMID=9268373",SKEMPI v2.0,A,B,Colicin E9 immunity protein,Colicin E9 DNase,1.82E-14,Other,X-RAY DIFFRACTION,298
1DFJ,-18.167,"1DFJ:E, I::PMID=2271559",Affinity Benchmark v5.5,E,I,Ribonuclease A,Rnase inhibitor,5.90E-14,,X-RAY DIFFRACTION,300.15
2FTL,-17.9523,"2FTL:E, I::PMID=8784199",SKEMPI v2.0,E,I,Bovine trypsin,BPTI,5.00E-14,IASP,X-RAY DIFFRACTION,295
5CW7,-17.1148,"5CW7:A, B::PMID=26996937",PDBbind v2020,B,A,"Escherichia coli Plasmid stabilization protein, toxin EcParE2","Escherichia coli antitoxin, EcPaaA2",2.80E-13,,X-RAY DIFFRACTION,
2VLP,-16.7226,"2VLP:A, B::PMID=18471830",SKEMPI v2.0,A,B,Colicin E9 immunity protein,Colicin E9 DNase,5.43E-13,RA,X-RAY DIFFRACTION,298
1FR2,-16.7194,"1FR2:A, B::PMID=9425068",SKEMPI v2.0,A,B,Colicin E9 immunity protein,Colicin E9 DNase,5.46E-13,Other,X-RAY DIFFRACTION,298
5VXZ,-16.5556,"5VXZ:A, C::PMID=27893463",PDBbind v2020,C,A,MYD1-72 Ig1 domain,"human Growth arrest-specific protein 6, GAS6",7.20E-13,,X-RAY DIFFRACTION,
6R2G,-16.5251,"6R2G:A, C::PMID=31255705",PDBbind v2020,A,C,synthetic CHR peptide C34,covNHR-VQ protein,7.58E-13,,X-RAY DIFFRACTION,
2VLO,-16.4287,"2VLO:A, B::PMID=18471830",SKEMPI v2.0,A,B,Colicin E9 immunity protein,Colicin E9 DNase,8.92E-13,RA,X-RAY DIFFRACTION,298
3G9V,-16.361,"3G9V:A, B::PMID=19285080",PDBbind v2020,B,A,151-mer,"Interleukin 22 receptor, alpha 2",1.00E-12,,X-RAY DIFFRACTION,
4GAF,-16.013,"4GAF:A, B::PMID=23431173",PDBbind v2020,B,A,human Interleukin-1 receptor type 1,"EBI-005, chimera of human IL-1beta and IL-1Ra (antagonists 93:60)",1.80E-12,,X-RAY DIFFRACTION,
2SNI,-15.96,"2SNI:E, I::PMID=10065709",Affinity Benchmark v5.5,E,I,Subtilisin,Chymotrypsin inhibitor 2,2.00E-12,,X-RAY DIFFRACTION,300.15
4RA0,-15.7729,"4RA0:A, C::PMID=25242553",SKEMPI v2.0,A,C,GAS6,Axl,2.70E-12,Other,X-RAY DIFFRACTION,298(assumed)
2O3B,-15.6723,"2O3B:A, B::PMID=17138564",SKEMPI v2.0,A,B,NucA nuclease,NuiA nuclease inhibitor,3.20E-12,IAGE,X-RAY DIFFRACTION,298
1JIW,-15.6523,"1JIW:I, P::PMID=10770939",Affinity Benchmark v5.5,P,I,Alkaline metallo-proteinase,Proteinase inhibitor,4.00E-12,,X-RAY DIFFRACTION,300.15
4UYQ,-15.295,"4UYQ:A, B::PMID=25855788",SKEMPI v2.0,A,B,A. cellulolyticus scaC cohesin,A. cellulolyticus scaB dockerin,1.40E-11,SPR,X-RAY DIFFRACTION,308
4UYP,-15.0767,"4UYP:A, D::PMID=25855788",SKEMPI v2.0,A,D,A. cellulolyticus scaC cohesin,A. cellulolyticus scaB dockerin,2.00E-11,SPR,X-RAY DIFFRACTION,308
1BVN,-15.06,"1BVN:P, T::PMID=14715318",Affinity Benchmark v5.5,P,T,Alpha-amylase,Tendamistat,9.20E-12,,X-RAY DIFFRACTION,300.15
2QC1,-14.9976,"2QC1:A, B::PMID=17643119",PDBbind v2020,A,B,alpha-bungarotoxin,mouse nicotinic acetylcholine receptor (nAChR) a1 subunit,1.00E-11,,X-RAY DIFFRACTION,
4M5F,-14.8199,"4M5F:A, B::PMID=24724564",PDBbind v2020,B,A,Uncharacterized protein Tsi3,Uncharacterized protein Tse3,1.35E-11,,X-RAY DIFFRACTION,
1TMG,-14.6834,"1TMG:E, I::PMID=15504027",SKEMPI v2.0,E,I,Subtilisin BPN,Chymotrypsin inhibitor 2,1.70E-11,IASP,X-RAY DIFFRACTION,298(assumed)
6N9D,-14.6562,"6N9D:A, B::PMID=31040180",PDBbind v2020,B,A,tissue inhibitor of metalloproteinase-1 (TIMP-1) C1 mutant (L34G/L133P/L151C/G154A),matrix metalloproteinase-3 catalytic domain (MMP-3cd),1.78E-11,,X-RAY DIFFRACTION,
1TAW,-14.5872,"1TAW:A, B::PMID=9300481",PDBbind v2020,B,A,APPI,BOVINE TRYPSIN,2.00E-11,,X-RAY DIFFRACTION,
5GLH,-14.5668,"5GLH:A, B::PMID=27595334",PDBbind v2020,B,A,Peptide from Endothelin-1 (ET-1),human wild-type Endothelin Receptor Subtype-B (ETB),2.07E-11,,X-RAY DIFFRACTION,
3SGB,-14.51,"3SGB:E, I::PMID=9047374",SKEMPI v2.0,E,I,Streptomyces griseus proteinase B,Turkey ovomucoid third domain,1.79E-11,FL,X-RAY DIFFRACTION,294
1Y3C,-14.4551,"1Y3C:E, I::PMID=15865427",SKEMPI v2.0,E,I,Subtilisin BPN,Chymotrypsin inhibitor 2,2.50E-11,IASP,X-RAY DIFFRACTION,298
3ZRZ,-14.3471,"3ZRZ:A, C::PMID=21840989",PDBbind v2020,C,A,FIBRONECTIN-BINDING PROTEIN,FIBRONECTIN,3.00E-11,,X-RAY DIFFRACTION,
6MAV,-14.2818,"6MAV:A, B::PMID=31040180",PDBbind v2020,B,A,tissue inhibitor of metalloproteinase-1 (TIMP-1) mutant L34G,matrix metalloproteinase-3 catalytic domain (MMP-3cd),3.35E-11,,X-RAY DIFFRACTION,
1DHK,-14.2558,"1DHK:A, B::PMID=8994970",PDBbind v2020,B,A,ALPHA-AMYLASE inhibitor,PORCINE PANCREATIC ALPHA-AMYLASE,3.50E-11,,X-RAY DIFFRACTION,
5MA3,-14.21,"5MA3:A, B::PMID=29176615",PDBbind v2020,A,B,GFP-binding DARPin fusion gc_R11,Green fluorescent protein,3.80E-11,,X-RAY DIFFRACTION,
2Z3R,-14.2071,"2Z3R:A, B::PMID=17643103",PDBbind v2020,A,B,IL-15,IL-15Ra,3.80E-11,,X-RAY DIFFRACTION,
1R0R,-14.17,"1R0R:E, I::PMID=9047374",SKEMPI v2.0,E,I,Subtilisin Carlsberg,Turkey ovomucoid third domain,2.94E-11,FL,X-RAY DIFFRACTION,294
4KJY,-14.1578,"4KJY:A, B::PMID=23722425",PDBbind v2020,B,A,high-affinity SIRP alpha variant FD6,Leukocyte surface antigen CD47,4.13E-11,,X-RAY DIFFRACTION,
1EAW,-14.0482,"1EAW:A, B::PMID=17475279",SKEMPI v2.0,A,B,Membrane-type serine protease 1,BPTI,4.97E-11,FL,X-RAY DIFFRACTION,298(assumed)
3VV2,-14.0214,"3VV2:A, B::PMID=23237738",PDBbind v2020,B,A,L69P mutant PROPEPTIDE from Tk-subtilisin,S324A mutant subtilisin,5.20E-11,,X-RAY DIFFRACTION,
5HGG,-13.9991,"5HGG:A, T::PMID=TBD",SAbDab,T,A,antibody,urokinase-type plasminogen activator,5.40E-11,SPR,X-RAY DIFFRACTION,
3ME2,-13.8626,"3ME2:A, R::PMID=20483727",PDBbind v2020,A,R,171-mer,Tumor necrosis factor receptor superfamily member 11A,6.80E-11,,X-RAY DIFFRACTION,
3E2K,-13.8539,"3E2K:A, D::PMID=19731932",PDBbind v2020,D,A,165-mer,KPC-2 Beta-lactamase G175S mutant,6.90E-11,,X-RAY DIFFRACTION,
2SIC,-13.84,"2SIC:E, I::PMID=8276767",SKEMPI v2.0,E,I,Subtilisin BPN,Streptomyces subtilisin inhibitor,1.80E-11,IASP,X-RAY DIFFRACTION,298
3H6S,-13.7663,"3H6S:A, E::PMID=19846555",PDBbind v2020,E,A,152-mer,cathepsin V,8.00E-11,,X-RAY DIFFRACTION,
3P0G,-13.7374,"3P0G:A, B::PMID=TBD",SAbDab,B,A,antibody,"beta-2 adrenergic receptor, lysozyme",8.40E-11,Unknown,X-RAY DIFFRACTION,
5CZF,-13.6342,"5CZF:B, C::PMID=26996937",PDBbind v2020,C,B,"Escherichia coli Plasmid stabilization protein, toxin EcParE2","Escherichia coli antitoxin, EcPaaA2 (13-63)",1.00E-10,,X-RAY DIFFRACTION,
1G0V,-13.6342,"1G0V:A, B::PMID=11042188",PDBbind v2020,B,A,"PROTEASE A INHIBITOR 3, K24M MUTANT OF IA3",yeast PROTEINASE A,1.00E-10,,X-RAY DIFFRACTION,
2GWW,-13.5778,"2GWW:A, B::PMID=17088427",PDBbind v2020,B,A,IpaA-VBS,vinculin domain (Vh1),1.10E-10,,X-RAY DIFFRACTION,
4LGR,-13.5778,"4LGR:A, B::PMID=24907552",PDBbind v2020,B,A,camelid nanobody (VHH3)  D10,Ricin A,1.10E-10,,X-RAY DIFFRACTION,
2P4A,-13.5158,"2P4A:A, B::PMID=17888451",SAbDab,B,A,antibody,ribonuclease pancreatic,1.80E-10,Other,X-RAY DIFFRACTION,303.15
5IUS,-13.4927,"5IUS:A, C::PMID=27618663",PDBbind v2020,C,A,"Programmed cell death 1 ligand 1, human PD-L1","Programmed cell death protein 1, PD-1 HAC variant",1.27E-10,,X-RAY DIFFRACTION,
5JSB,-13.4,"5JSB:A, B::PMID=27805565",PDBbind v2020,B,A,"Mcl-1 inhibitor, alpha MCL1",Induced myeloid leukemia cell differentiation protein Mcl-1,1.50E-07,,X-RAY DIFFRACTION,
1AY7,-13.23,"1AY7:A, B::PMID=Hartley W, Both V, Hebert EJ, Homerover D, Jucovic M, Nazarov V, Rybajlak I, Sevcik J (1996) Barstar Inhibits Extracellular Ribonucleases of Streptomyces and Allows their Production from Recombinant Genes. Protein Pept Lett 3:225-23.",Affinity Benchmark v5.5,A,B,Rnase SA,Barstar,2.00E-10,,X-RAY DIFFRACTION,
5J7C,-13.2,"5J7C:A, B, C, D::PMID=27578887",PDBbind v2020,"C, D","A, B",FNfn10-anti-lysozyme (DE0.4.1),lysozyme,2.09E-10,,X-RAY DIFFRACTION,
4QLP,-13.15,"4QLP:A, B::PMID=26237511",PDBbind v2020,B,A,"Alanine and proline rich protein, tuberculosis necrotizing toxin (TNT)",immunity factor IFT,2.30E-10,,X-RAY DIFFRACTION,
1ACB,-13.05,"1ACB:E, I::PMID=9048543",SKEMPI v2.0,E,I,Bovine alpha-chymotrypsin,Eglin c,1.49E-12,IASP,X-RAY DIFFRACTION,294
5AYS,-12.68,"5AYS:A, C::PMID=26980279",PDBbind v2020,C,A,Uncharacterized protein SAUGI,"Uracil-DNA glycosylase, HSVUDG",5.08E-10,,X-RAY DIFFRACTION,
5D3I,-12.5733,"5D3I:A, B::PMID=26283364",PDBbind v2020,B,A,"Staphylococcal Superantigen-Like protein 3, SSL3","Toll-like receptor 2, TLR2",6.00E-10,,X-RAY DIFFRACTION,
1AVX,-12.5,"1AVX:A, B::PMID=Lebowitz J, Laskowski M (1962) Potentiometric Measurement of Protein-Protein Association Constants. Soybean Trypsin Inhibitor-Trypsin Association. Biochemistry 1:1044-105.",Affinity Benchmark v5.5,A,B,Porcine trypsin,Soybean trypsin inhibitor,4.80E-10,,X-RAY DIFFRACTION,295.15
5JSN,-12.41,"5JSN:A, B::PMID=27805565",PDBbind v2020,B,A,"Bcl2 inhibitor, alpha Bcl-2",Apoptosis regulator Bcl-2,8.00E-07,,X-RAY DIFFRACTION,
1FLE,-12.28,"1FLE:E, I::PMID=2394696",Affinity Benchmark v5.5,E,I,Elastase,Elafin,1.00E-09,,X-RAY DIFFRACTION,
3WDG,-12.17,"3WDG:A, B::PMID=24150946",PDBbind v2020,B,A,UGI,Staphylococcus aureus Uracil-DNA glycosylase (UDG),1.20E-09,,X-RAY DIFFRACTION,
5M2M,-12.0307,"5M2M:I, J::PMID=TBD",SAbDab,J,I,antibody,tumor necrosis factor,1.50E-09,SPR,X-RAY DIFFRACTION,
2OUL,-11.96,"2OUL:A, B::PMID=17502099",Affinity Benchmark v5.5,A,B,Falcipain 2,Chagasin,1.70E-09,,X-RAY DIFFRACTION,
5AYR,-11.88,"5AYR:A, B::PMID=26980279",PDBbind v2020,B,A,Uncharacterized protein SAUGI,"human Uracil-DNA glycosylase, UDG",1.96E-09,,X-RAY DIFFRACTION,
3RDZ,-11.69,"3RDZ:A, C::PMID=21698291",PDBbind v2020,C,A,rBTI (recombinant buckwheat trypsin inhibitor),bovine Cationic trypsin,2.69E-09,,X-RAY DIFFRACTION,
4AYI,-11.67,"4AYI:A, D, E::PMID=23133374",PDBbind v2020,D,"A, E",Neisseria meningitidis FHbp Variant 3 Wild type,CCPs 6 and 7 of Human Complement Factor H,2.00E-09,,X-RAY DIFFRACTION,
3ULA,-11.66,"3ULA:A, D::PMID=22363519",PDBbind v2020,D,A,"Lymphocyte antigen 96, MD-2-Eritoran","Toll-like receptor 4, Variable lymphocyte receptor B, TV3 mutant F63W",2.84E-09,,X-RAY DIFFRACTION,
4GLV,-11.64,"4GLV:A, B::PMID=24465865",PDBbind v2020,B,A,OBody AM3L09,hen egg-white lysozyme C,2.92E-09,,X-RAY DIFFRACTION,
5JDS,-11.63,"5JDS:A, B::PMID=TBD",SAbDab,B,A,antibody,programmed cell death 1 ligand 1,3.00E-09,SPR,X-RAY DIFFRACTION,
2LEH,-11.57,"2LEH:A, B::PMID=22607171",PDBbind v2020,B,A,Gemin2-binding domain of SMN (26-51),Gemin2 (95-280),3.30E-09,,SOLUTION NMR,
4W6W,-11.52,"4W6W:A, B::PMID=TBD",SAbDab,B,A,antibody,f18 fimbrial adhesin ac,3.57E-09,SPR,X-RAY DIFFRACTION,
1GC1,-11.5123,"1GC1:C, G::PMID=2402498",SKEMPI v2.0,G,C,gp120,CD4,3.60E-09,RA,X-RAY DIFFRACTION,298(assumed)
5VKO,-11.46,"5VKO:A, B::PMID=28826505",PDBbind v2020,B,A,"DNA-directed RNA polymerase II subunit RPB1 (1468-1500) pT1471, pS1493 peptide",Transcription elongation factor SPT6 tSH2,4.00E-09,,X-RAY DIFFRACTION,
4W6X,-11.29,"4W6X:A, B::PMID=25502211",PDBbind v2020,B,A,inhibitory nanobody NbFedF7,lectin domain of F18 fimbrial adhesin FedF,5.25E-09,,X-RAY DIFFRACTION,
2UUY,-11.26,"2UUY:A, B::PMID=17391695",Affinity Benchmark v5.5,A,B,Trypsin,Tryptase inhibitor from tick,5.60E-09,,X-RAY DIFFRACTION,300.15
4AG2,-11.2,"4AG2:A, C::PMID=22653218",PDBbind v2020,C,A,Fynomer 3C_B5,Human Chymase,6.20E-09,,X-RAY DIFFRACTION,
1YVB,-11.17,"1YVB:A, I::PMID=17502099",Affinity Benchmark v5.5,A,I,Falcipain 2,Cystatin,6.50E-09,,X-RAY DIFFRACTION,
5MTM,-11.12,"5MTM:A, B::PMID=28347651",PDBbind v2020,B,A,Monobody Mb(Lck_3),Tyrosine-protein kinase Lck,7.00E-09,,X-RAY DIFFRACTION,
3K2M,-11.12,"3K2M:A, D::PMID=20357770",PDBbind v2020,D,A,101-mer,Proto-oncogene tyrosine-protein kinase ABL1 SH2 Domain,7.00E-09,,X-RAY DIFFRACTION,
3RGF,-11.1143,"3RGF:A, B::PMID=21806996",PDBbind v2020,B,A,Cyclin-C,"human Cyclin-dependent kinase 8, CDK8",7.05E-09,,X-RAY DIFFRACTION,
5JYL,-11,"5JYL:C, D, d::PMID=TBD",SAbDab,"D, d",C,antibody,cadherin-3,8.70E-09,SPR,X-RAY DIFFRACTION,
4L0P,-10.98,"4L0P:A, B::PMID=22242939",SKEMPI v2.0,A,B,Ephrin type-A receptor 3,Ephrin-A5,9.00E-09,ELISA,X-RAY DIFFRACTION,298(assumed)
2HRK,-10.98,"2HRK:A, B::PMID=17976650",SKEMPI v2.0,A,B,GluRS,Arc1p,5.30E-08,SPR,X-RAY DIFFRACTION,298
5OMN,-10.94,"5OMN:B, C::PMID=TBD",SAbDab,C,B,antibody,capsid protein,9.50E-09,ITC,X-RAY DIFFRACTION,
4YJ4,-10.92,"4YJ4:A, B::PMID=26136077",PDBbind v2020,B,A,"BIM BH3 domain (I155R/E158S mutation), p-BIMBH3",Bcl-xL,9.90E-09,,X-RAY DIFFRACTION,
4CJ2,-10.86,"4CJ2:B, C::PMID=24823716",PDBbind v2020,C,B,AFFITIN H4,LYSOZYME C HEWL,1.10E-08,,X-RAY DIFFRACTION,
5LHN,-10.85,"5LHN:A, B::PMID=TBD",SAbDab,B,A,antibody,urokinase-type plasminogen activator,1.12E-08,SPR,X-RAY DIFFRACTION,
5DJU,-10.84,"5DJU:A, B::PMID=27427858",PDBbind v2020,B,A,"Engineered protein, Zdk3 affibody",LOV2 dark state (C450A mutant),1.14E-08,,X-RAY DIFFRACTION,
3PNR,-10.8044,"3PNR:A, B::PMID=21742259",PDBbind v2020,B,A,"C-terminal, inhibitory domain of ICP from P. berghei (PbICP-C)","falcipain-2, an important hemoglobinase of Plasmodium",1.19E-08,,X-RAY DIFFRACTION,
1TDQ,-10.7994,"1TDQ:A, B::PMID=15296743",PDBbind v2020,A,B,rat tenascin-R(TN3-5),rat aggrecan CLD,1.20E-08,,X-RAY DIFFRACTION,
1KAC,-10.68,"1KAC:A, B::PMID=12716886",SKEMPI v2.0,A,B,AD12 knob protein,CAR D1 domain,2.90E-07,FL,X-RAY DIFFRACTION,298
5DJT,-10.6,"5DJT:A, B::PMID=27427858",PDBbind v2020,B,A,"Engineered protein, Zdk2 affibody",LOV2 dark state (C450A mutant),1.70E-08,,X-RAY DIFFRACTION,
4YEB,-10.5967,"4YEB:A, B::PMID=26235031",SKEMPI v2.0,A,B,Latrophilin-3 OLF domain,FLRT3 LRR domain,1.69E-08,ITC,X-RAY DIFFRACTION,298
2WH6,-10.56,"2WH6:A, B::PMID=21203485",PDBbind v2020,B,A,26-mer,BHRF1 PROTEIN,1.80E-08,,X-RAY DIFFRACTION,
5MTN,-10.41,"5MTN:A, B::PMID=28347651",PDBbind v2020,B,A,Monobody Mb(Lck_1),Tyrosine-protein kinase Lck,2.35E-08,,X-RAY DIFFRACTION,
1KXV,-10.3648,"1KXV:A, C::PMID=11960990",SAbDab,C,A,antibody,"alpha-amylase, pancreatic",2.50E-08,SPR,X-RAY DIFFRACTION,
3WA5,-10.3,"3WA5:A, B::PMID=nan",PDBbind v2020,B,A,Tse3-specific immunity protein Tsi3,type VI peptidoglycan muramidase effector Tse3,2.81E-08,,X-RAY DIFFRACTION,
4LYL,-10.24,"4LYL:A, B::PMID=25084329",PDBbind v2020,B,A,proteinaceous inhibitor UGI,uracil-DNA glycosylase from cod (Gadus morhua),3.10E-08,,X-RAY DIFFRACTION,
4GN5,-10.24,"4GN5:A, D::PMID=24465865",PDBbind v2020,A,D,OBody AM3L15,hen egg-white lysozyme C,3.11E-08,,X-RAY DIFFRACTION,
6AZP,-10.1639,"6AZP:A, B::PMID=29306874",PDBbind v2020,B,A,"Staphylococcal Peroxidase Inhibitor, SPIN (46-105)","recombinant form of human MPO, rMPO",3.51E-08,,X-RAY DIFFRACTION,
5V69,-10.16,"5V69:A, B::PMID=28542609",PDBbind v2020,B,A,ubiquitin variant ME.4,Middle East respiratory syndrome coronavirus papain-like protease (MERS-CoV PLpro),3.59E-08,,X-RAY DIFFRACTION,
5YWR,-10.11,"5YWR:A, B::PMID=29626159",PDBbind v2020,B,A,"E3 ubiquitin-protein ligase ZNRF1	CTD","Ubiquitin-conjugating enzyme E2 N, Ube2N (Ubc13)",3.90E-08,,X-RAY DIFFRACTION,
2HLE,-10.09,"2HLE:A, B::PMID=16867992",SKEMPI v2.0,A,B,Ephrin type-B receptor 4,Ephrin-B2,4.00E-08,ITC,X-RAY DIFFRACTION,298
5NWM,-10.09,"5NWM:A, B::PMID=29203888",PDBbind v2020,B,A,Signal transducer and activator of transcription 6 (STAT6 783-814),Nuclear receptor coactivator 1 (NCoA1 257-385),4.00E-08,,SOLUTION NMR,
5E3E,-10.08,"5E3E:A, B::PMID=28398546",PDBbind v2020,B,A,"Large exoprotein involved in heme utilization or adhesion, CdiA-CT","CdiI immunity protein, CdiI-Ykris",4.09E-08,,X-RAY DIFFRACTION,
4OVN,-10.01,"4OVN:A, F::PMID=25370050",PDBbind v2020,F,A,Voltage-gated Sodium Channel 1.5 (Nav1.5) C-terminal domain,Calmodulin,4.60E-08,,X-RAY DIFFRACTION,
3T04,-9.94,"3T04:A, D::PMID=22000011",PDBbind v2020,D,A,monobody 7c12,Tyrosine-protein kinase ABL1 SH2 domain,5.20E-08,,X-RAY DIFFRACTION,
5V6A,-9.92,"5V6A:A, B::PMID=28542609",PDBbind v2020,B,A,ubiquitin variant ME.2,Middle East respiratory syndrome coronavirus papain-like protease (MERS-CoV PLpro),5.32E-08,,X-RAY DIFFRACTION,
2K2S,-9.9199,"2K2S:A, B::PMID=18818666",PDBbind v2020,B,A,61-mer,Micronemal protein 1 Galectin-like domain,5.30E-08,,SOLUTION NMR,
5XV8,-9.75,"5XV8:A, B::PMID=29069470",PDBbind v2020,B,A,General transcription factor IIH subunit 1 (TFIIH p62 PH),"UV-stimulated scaffold protein A, UVSSA 390-434",7.14E-08,,SOLUTION NMR,
2WG3,-9.7254,"2WG3:A, C::PMID=19561611",PDBbind v2020,A,C,164-mer,HUMAN HEDGEHOG-INTERACTING PROTEIN HIP,7.36E-08,,X-RAY DIFFRACTION,
2M0G,-9.65,"2M0G:A, B::PMID=23175611",PDBbind v2020,B,A,Splicing factor U2AF 65 kDa subunit ,N-terminal Domain of Splicing factor 1,8.40E-08,,SOLUTION NMR,
4KFZ,-9.59,"4KFZ:B, D::PMID=TBD",SAbDab,D,B,antibody,lmo-2,9.40E-08,Unknown,X-RAY DIFFRACTION,
3BZD,-9.57,"3BZD:A, B::PMID=18426803",Affinity Benchmark v5.5,A,B,TCR Vbeta8.2,SEC3-1A4,9.60E-08,,X-RAY DIFFRACTION,
4WEN,-9.55,"4WEN:A, B::PMID=TBD",SAbDab,B,A,antibody,k88 fimbrial protein ac,1.00E-07,SPR,X-RAY DIFFRACTION,
4REY,-9.4984,"4REY:A, B::PMID=26363069",PDBbind v2020,B,A,GM130 C-terminal peptide,"Golgi reassembly-stacking protein 1, GRASP domain of GRAS65",1.08E-07,,X-RAY DIFFRACTION,
5EB1,-9.35,"5EB1:A, B, C, D::PMID=27113583",PDBbind v2020,"B, D","A, C",YfiB Mutation L43P,YfiR,1.40E-07,,X-RAY DIFFRACTION,
2XPX,-9.31,"2XPX:A, B::PMID=21203485",PDBbind v2020,B,A,Bak BH3 peptide,APOPTOSIS REGULATOR BHRF1,1.50E-07,,X-RAY DIFFRACTION,
2RNR,-9.31,"2RNR:A, B::PMID=18354501",PDBbind v2020,B,A,hTFIIH p62 PH-D,hTFIIEa AC-D,1.50E-07,,SOLUTION NMR,
5J8H,-9.2921,"5J8H:A, B::PMID=27499441",PDBbind v2020,B,A,Eukaryotic elongation factor 2 kinase (eEF-2KCBD),Ca2+-Loaded State of Calmodulin (CaM),1.53E-07,,SOLUTION NMR,
1I8L,-9.1335,"1I8L:A, C::PMID=11279502",PDBbind v2020,A,C,B7-1,CTLA-4,2.00E-07,,X-RAY DIFFRACTION,
1ZHI,-9.08,"1ZHI:A, B::PMID=19029247",Affinity Benchmark v5.5,A,B,BAH domain of Orc1,Sir Orc-interaction domain,2.00E-07,,X-RAY DIFFRACTION,298.15
4GN4,-9,"4GN4:A, B::PMID=24465865",PDBbind v2020,B,A,OBody AM2EP06,hen egg-white lysozyme C,2.53E-07,,X-RAY DIFFRACTION,
5ZQV,-8.9782,"5ZQV:A, E::PMID=30422398",PDBbind v2020,E,A,Protein phosphatase 1 regulatory subunit 3A,Serine/threonine-protein phosphatase PP1-alpha catalytic subunit,2.60E-07,,X-RAY DIFFRACTION,
4YYP,-8.94,"4YYP:A, B::PMID=26188084",PDBbind v2020,B,A,"SCL-interrupting locus protein, STIL-CC",human Serine/threonine-protein kinase PLK4-PB3,2.80E-07,,X-RAY DIFFRACTION,
2N73,-8.86,"2N73:A, B::PMID=27009356",PDBbind v2020,B,A,N-terminal region of Phosphatidylinositol 4-kinase beta (PI4KB),"Q domain of Golgi adaptor protein acyl-coenzyme A binding domain containing protein 3 (ACBD3, residues 241-308)",3.20E-07,,SOLUTION NMR,
5MTJ,-8.83,"5MTJ:A, B::PMID=28347651",PDBbind v2020,B,A,monobody Mb(Yes_1),Tyrosine-protein kinase Yes1-SH2,3.38E-07,,X-RAY DIFFRACTION,
1JGN,-8.8021,"1JGN:A, B::PMID=14685257",PDBbind v2020,B,A,PABP-interacting protein-2 (Paip2),C-terminal domain of poly(A)-binding protein (PABC),3.50E-07,,SOLUTION NMR,
5WOS,-8.8,"5WOS:A, B::PMID=29053589",PDBbind v2020,B,A,"Bcl-2-like protein 11, Bim BH3 domain","CNPV058 bcl-2 like protein, CNP058",3.53E-07,,X-RAY DIFFRACTION,
4Y61,-8.7921,"4Y61:A, B::PMID=25989451",SKEMPI v2.0,A,B,PTP delta,Slitrk2 LRR1,3.56E-07,SPR,X-RAY DIFFRACTION,298
5V5I,-8.6365,"5V5I:A, B::PMID=28542609",PDBbind v2020,B,A,ubiquitin variant CC.1,OTU protease of Crimean Congo Hemorrhagic Fever Virus (CCHFV OTU),4.63E-07,,X-RAY DIFFRACTION,
5WY2,-8.55,"5WY2:A, B::PMID=nan",PDBbind v2020,B,A,C-terminal 109-132 residues of Chlamydia trachomatis IncE,"PX domain of Sorting nexin-5 (SNX5),  PX5",5.40E-07,,X-RAY DIFFRACTION,
2LQC,-8.44,"2LQC:A, B::PMID=22518098",PDBbind v2020,B,A,binding motif (NSCaTE) peptide,Ca2+ -Calmodulin,2.90E-06,,SOLUTION NMR,
5H9B,-8.414,"5H9B:A, B::PMID=30381148",PDBbind v2020,B,A,Potassium voltage-gated channel protein eag,"Calcium/calmodulin-dependent protein kinase II, isoform C",6.74E-07,,X-RAY DIFFRACTION,
4AYD,-8.3,"4AYD:A, D::PMID=23133374",PDBbind v2020,D,A,Neisseria meningitidis FHbp Variant 1 R106A mutant,CCPs 6 and 7 of Human Complement Factor H,8.20E-07,,X-RAY DIFFRACTION,
4ZRK,-8.18,"4ZRK:A, E::PMID=26045165",PDBbind v2020,E,A,Serine/threonine-protein kinase LATS1,Merlin FERM domain,1.00E-06,,X-RAY DIFFRACTION,
5N88,-8.18,"5N88:A, D::PMID=TBD",SAbDab,A,D,antibody,pc4 and sfrs1-interacting protein,1.01E-06,SPR,X-RAY DIFFRACTION,
5C4V,-8.13,"5C4V:A, B::PMID=28397834",PDBbind v2020,B,A,"Ski-like protein, SnoN","Mothers against decapentaplegic homolog 4, SMAD4",1.10E-06,,X-RAY DIFFRACTION,
3D1M,-8.03,"3D1M:B, C::PMID=18794898",PDBbind v2020,C,B,third FNIII domain of CDO,wt Sonic hedgehog protein,2.70E-06,,X-RAY DIFFRACTION,
3OKY,-8.0252,"3OKY:A, B::PMID=20877282",PDBbind v2020,A,B,565-mer,Semaphorin-6A,1.30E-06,,X-RAY DIFFRACTION,
6O3O,-7.8325,"6O3O:A, C::PMID=31253644",PDBbind v2020,C,A,nectin-like protein-5 (necl-5),wild type human HEK-293S produced DNAM-1 (CD226 antigen),1.80E-06,,X-RAY DIFFRACTION,
4YC7,-7.81,"4YC7:A, B::PMID=25963737",PDBbind v2020,B,A,human FMNL2 GBD-FH3 Domains,Cdc42-GppNHp,1.89E-06,,X-RAY DIFFRACTION,
4CDK,-7.8,"4CDK:A, E::PMID=24349440",PDBbind v2020,E,A,R-SPONDIN-1 (RSPO1),E3 UBIQUITIN-PROTEIN LIGASE ZNRF3,1.90E-06,,X-RAY DIFFRACTION,
4AQE,-7.67,"4AQE:A, B::PMID=23135401",PDBbind v2020,B,A,PROTOCADHERIN-15 EC1-2,DEAFNESS ASSOCIATED MUTANT MOUSE CADHERIN-23 EC1-2 (S47P mutant),2.40E-06,,X-RAY DIFFRACTION,
5E6P,-7.6397,"5E6P:A, B::PMID=26627240",SKEMPI v2.0,A,B,PlexinB2,PDZ-RhoGEF,2.00E-06,ITC,X-RAY DIFFRACTION,293
4APX,-7.55,"4APX:A, B::PMID=23135401",PDBbind v2020,B,A,"PROTOCADHERIN-15, IPcdh15 EC1-2",MOUSE CADHERIN-23 EC1-2,2.90E-06,,X-RAY DIFFRACTION,
4MSM,-7.54,"4MSM:A, B::PMID=24787148",PDBbind v2020,B,A,Ubiquitin,Schizosaccharomyces pombe sst2 catalytic domain (E286A mutant),3.00E-06,,X-RAY DIFFRACTION,
4AYE,-7.47,"4AYE:A, D::PMID=23133374",PDBbind v2020,D,A,"Neisseria meningitidis FHbp Variant 1 E283A, E304A mutant",CCPs 6 and 7 of Human Complement Factor H,3.33E-06,,X-RAY DIFFRACTION,
3U8X,-7.4559,"3U8X:A, B::PMID=22193718",PDBbind v2020,B,A,Thymosin beta-4,"Actin, alpha skeletal muscle",3.40E-06,,X-RAY DIFFRACTION,
4GN3,-7.28,"4GN3:A, B::PMID=24465865",PDBbind v2020,B,A,OBody AM1L10,hen egg-white lysozyme C,4.60E-06,,X-RAY DIFFRACTION,
2MFQ,-7.2043,"2MFQ:A, B::PMID=24470253",PDBbind v2020,B,A,neurotrophin receptor TrkB,"Fibroblast growth factor receptor substrate 2, FRS2a PTB domain",5.20E-06,,SOLUTION NMR,
4WEU,-7.15,"4WEU:A, E::PMID=TBD",SAbDab,E,A,antibody,k88 fimbrial protein ad,5.70E-06,SPR,X-RAY DIFFRACTION,
2X2D,-7.11,"2X2D:C, D::PMID=nan",PDBbind v2020,D,C,147-mer,"PEPTIDYL-PROLYL CIS-TRANS ISOMERASE A, acetylated Cypa",6.10E-06,,X-RAY DIFFRACTION,
4WEM,-7.05,"4WEM:A, B::PMID=TBD",SAbDab,B,A,antibody,k88 fimbrial protein ac,6.80E-06,SPR,X-RAY DIFFRACTION,
5OYL,-7.01,"5OYL:A, D::PMID=29531262",PDBbind v2020,D,A,Low-density lipoprotein receptor CR2 domain,"Vesicular stomatitis virus (VSV) Glycoprotein G, Gth",7.50E-06,,X-RAY DIFFRACTION,
5YR0,-6.98,"5YR0:A, B::PMID=29866835",PDBbind v2020,B,A,"UV radiation resistance associated protein, UVRAG coiled-coil domain",Beclin 1 coiled-coil domain (residues 178-227),7.60E-06,,X-RAY DIFFRACTION,
3VUX,-6.8795,"3VUX:A, G::PMID=23032187",PDBbind v2020,G,A,A20-type 7 Zinc finger domain,"linear ubiquitin, crystal form II",9.00E-06,,X-RAY DIFFRACTION,
2MUR,-6.87,"2MUR:A, B::PMID=25414354",PDBbind v2020,B,A,Ubiquitin,"Human Fanconi anemia-associated protein of 20 kDa, FAAP20 UBZ domain",9.26E-06,,SOLUTION NMR,
4K1R,-6.81,"4K1R:A, B::PMID=24787148",PDBbind v2020,B,A,Ubiquitin,Schizosaccharomyces pombe sst2 catalytic domain,1.02E-05,,X-RAY DIFFRACTION,
3VEP,-6.8,"3VEP:D, X::PMID=23314154",PDBbind v2020,D,X,Probable RNA polymerase sigma-D factor 4,ASD domain of negative regulator RsdA,1.03E-05,,X-RAY DIFFRACTION,
2KGX,-6.76,"2KGX:A, B::PMID=19297334",PDBbind v2020,B,A,91-mer,Talin 1655-1822,9.00E-06,,SOLUTION NMR,
2LZ6,-6.71,"2LZ6:A, B::PMID=24039852",PDBbind v2020,B,A,"CD2-associated protein, CD2AP SH3-C domain",Ubiquitin,1.20E-05,,SOLUTION NMR,
4LLO,-6.66,"4LLO:A, B::PMID=23975098",PDBbind v2020,A,B,"mouse EAG1 cyclic nucleotide-binding homology domain, CNBHD",mouse EAG1 eag domain,1.32E-05,,X-RAY DIFFRACTION,
2KXH,-6.62,"2KXH:A, B::PMID=nan",PDBbind v2020,A,B,31-mer,FIR RRM1-RRM2,1.40E-05,,SOLUTION NMR,
5U4K,-6.58,"5U4K:A, B::PMID=28334776",PDBbind v2020,B,A,"transactivation domain 1 of p65, p65-TA1","KIX domain of CBP, CBP-KIX",1.50E-05,,SOLUTION NMR,
5XIU,-6.47,"5XIU:A, B::PMID=29330428",PDBbind v2020,B,A,"Ubiquitin-40S ribosomal protein S27a, K63-Ub2",E3 ubiquitin-protein ligase RNF168 UDM2 Delta C,2.50E-05,,X-RAY DIFFRACTION,
6B6U,-6.4037,"6B6U:A, B::PMID=29182273",PDBbind v2020,B,A,Pyruvate kinase PKM,Pyruvate kinase PKM,2.01E-05,,X-RAY DIFFRACTION,
5VX0,-6.3778,"5VX0:A, B::PMID=29149594",PDBbind v2020,B,A,Bcl-2-like protein 11 (Bim-h3Glg),"Bcl-2 homologous antagonist/killer,BAK",2.10E-05,,X-RAY DIFFRACTION,
2V8S,-6.3502,"2V8S:E, V::PMID=nan",PDBbind v2020,E,V,EPNR,Vti1b,2.20E-05,,X-RAY DIFFRACTION,
3H2V,-6.305,"3H2V:A, E::PMID=19523901",Affinity Benchmark v5.5,A,E,Vinculin tail domain,Raver1 RRM1 domain,2.21E-05,,X-RAY DIFFRACTION,296
5EE5,-6.2513,"5EE5:A, B::PMID=27373159",PDBbind v2020,B,A,ARL1,DCB delta51-71,2.60E-05,,X-RAY DIFFRACTION,
2KT5,-6.21,"2KT5:A, B::PMID=21253573",PDBbind v2020,B,A,HSV-1 ICP27 peptide,RRM domain of mRNA export adaptor REF2-I,2.80E-05,,SOLUTION NMR,
6CH2,-6.1867,"6CH2:C, F::PMID=29720631",PDBbind v2020,F,C,FliT-FliDC complex,"Flagellar biosynthesis protein FlhA, FlhAC",2.90E-05,,X-RAY DIFFRACTION,
3D7U,-6.1666,"3D7U:A, B::PMID=18614016",PDBbind v2020,A,B,c-SrcKD,CskSH2KD,3.00E-05,,X-RAY DIFFRACTION,
2SGP,-6.1283,"2SGP:E, I::PMID=9047374",SKEMPI v2.0,E,I,Streptomyces griseus proteinase B,Turkey ovomucoid third domain,2.78E-05,SP,X-RAY DIFFRACTION,294
2M55,-6.0753,"2M55:A, B::PMID=23607618",PDBbind v2020,B,A,21-mer,Calmodulin,3.50E-05,,SOLUTION NMR,
3G9W,-6.0586,"3G9W:A, D::PMID=19798053",PDBbind v2020,D,A,52-mer,Talin2 F2-F3 domain,3.60E-05,,X-RAY DIFFRACTION,
1XJ7,-6.0112,"1XJ7:A, B::PMID=15563469",PDBbind v2020,B,A,20-mer,androgen receptor,3.90E-05,,X-RAY DIFFRACTION,
2DJY,-5.9962,"2DJY:A, B::PMID=16641086",PDBbind v2020,B,A,the Smad7 PY Motif,The Smurf2 WW3 Domain,4.00E-05,,SOLUTION NMR,
3R85,-5.98,"3R85:A, E::PMID=21639858",PDBbind v2020,E,A,human SOUL BH3 domain,human Bcl-xL protein,4.13E-05,,X-RAY DIFFRACTION,
6GVL,-5.9398,"6GVL:A, B::PMID=31006587",PDBbind v2020,B,A,bullous pemphigoid antigen BP230 (26-55),Second pair of Fibronectin type III domains of integrin beta4 (1457-1666) wildtype,4.40E-05,,X-RAY DIFFRACTION,
5GTB,-5.9135,"5GTB:A, B::PMID=28248291",PDBbind v2020,B,A,Plastid division protein PDV2 (285-307),"Protein Accumulation And Replication Of Chloroplasts 6, ARC6 (674-801)",4.60E-05,,X-RAY DIFFRACTION,
3GJ5,-5.9008,"3GJ5:A, B::PMID=19505478",PDBbind v2020,B,A,34-mer,GTP-binding nuclear protein Ran,4.70E-05,,X-RAY DIFFRACTION,
3GJ3,-5.8761,"3GJ3:A, B::PMID=19505478",PDBbind v2020,B,A,33-mer,GTP-binding nuclear protein Ran,4.90E-05,,X-RAY DIFFRACTION,
1JSP,-5.8641,"1JSP:A, B::PMID=14759370",PDBbind v2020,B,A,CBP bromodomain,tumor protein p53 peptide,5.00E-05,,SOLUTION NMR,
4IKA,-5.7814,"4IKA:A, D::PMID=23487447",PDBbind v2020,D,A,virally encoded protein VPg from Enterovirus A71,"RNA-dependent RNA polymerase (RdRp, also 3D(pol)) from Enterovirus A71",5.75E-05,,X-RAY DIFFRACTION,
4NM3,-5.7562,"4NM3:A, B::PMID=24642411",PDBbind v2020,B,A,Axin-1,Glycogen synthase kinase-3 beta GSK-3 Belta Residues 1-383 with phosphoylated Ser9,6.00E-05,,X-RAY DIFFRACTION,
1F5R,-5.7088,"1F5R:A, I::PMID=11420435",SKEMPI v2.0,A,I,Mutant trypsinogen,BPTI,6.50E-05,ITC,X-RAY DIFFRACTION,298
3D7T,-5.6649,"3D7T:A, B::PMID=18614016",PDBbind v2020,A,B,c-SrcKD,CskKD,7.00E-05,,X-RAY DIFFRACTION,
2OOB,-5.66,"2OOB:A, B::PMID=18596201",SKEMPI v2.0,A,B,Cbl-b UBA,Ubiquitin,5.31E-05,FL,X-RAY DIFFRACTION,298
6MM6,-5.636,"6MM6:C, D::PMID=nan",PDBbind v2020,D,C,RyR2 phosphorylation domain (2699-2904),"Catalytic subunit of cAMP-dependent protein kinase A, PKAc",7.35E-05,,X-RAY DIFFRACTION,
1P1Z,-5.5858,"1P1Z:A, P::PMID=14595439",PDBbind v2020,P,A,protein,"h-2 class i histocompatibility antigen, k-b",8.00E-05,,X-RAY DIFFRACTION,
2PX9,-5.5334,"2PX9:A, B::PMID=17643372",PDBbind v2020,B,A,SUMO-conjugating enzyme UBC9,SUMO-activating enzyme subunit 2,8.74E-05,,SOLUTION NMR,
4LQW,-5.49,"4LQW:A, D::PMID=23902822",PDBbind v2020,A,D,"E3 SUMO-protein ligase RanBP2, NUP358 cyclophilin",HIV-1 capsid N-terminal domain,9.40E-05,,X-RAY DIFFRACTION,
1ZGU,-5.4656,"1ZGU:A, B::PMID=16518696",PDBbind v2020,B,A,Ubiquitin(K48R),human Mms2,9.80E-05,,SOLUTION NMR,
2HTH,-5.4248,"2HTH:A, B::PMID=17057716",PDBbind v2020,A,B,ubiquitin,human EAP45/ESCRT-II GLUE domain,0.000105,,X-RAY DIFFRACTION,
3UIH,-5.3408,"3UIH:A, P::PMID=22244766",SKEMPI v2.0,A,P,Survivin,SmacN,0.000121,ITC,X-RAY DIFFRACTION,298
1SBB,-5.2544,"1SBB:A, B::PMID=9500785",SKEMPI v2.0,A,B,Beta-chain of 14.3.d,Staphylococcal enterotoxin B,0.00014,SPR,X-RAY DIFFRACTION,298
1Q0W,-4.8504,"1Q0W:A, B::PMID=12970172",PDBbind v2020,B,A,ubiquitin,Vps27 UIM-1,0.000277,,SOLUTION NMR,
1TLH,-4.8032,"1TLH:A, B::PMID=15257291",PDBbind v2020,B,A,C-terminal conserved region 4 (SR4) of sigma70,Bacteriophage T4 AsiA,0.0003,,SOLUTION NMR,
4TQ1,-4.7119,"4TQ1:A, B::PMID=25484072",PDBbind v2020,B,A,"Tectonin beta-propeller repeat-containing protein 1, TECAIR (573-610)","human Autophagy protein 5, ATG5",0.00035,,X-RAY DIFFRACTION,
2K7A,-4.3274,"2K7A:A, B::PMID=nan",PDBbind v2020,B,A,63-mer,interleukin-2 tyrosine kinase SH2 domain,0.00067,,SOLUTION NMR,
2K8B,-3.7422,"2K8B:A, B::PMID=19423704",PDBbind v2020,B,A,76-mer,PLAA family ubiquitin binding domain (PFUC) cis isomer,0.0018,,SOLUTION NMR,
5TL7,-3.72,"5TL7:A, B::PMID=28438633",PDBbind v2020,A,B,C-terminal domain of mouse ISG15,"SARS-CoV papain-like protease, SARS-CoV PLpro",0.00187,,X-RAY DIFFRACTION,
2FEW,-3.3156,"2FEW:A, B::PMID=16443929",PDBbind v2020,B,A,Phospho-IIBMtl(C384SEP),IIAMtl(H554Q),0.0037,,SOLUTION NMR,
2LP4,-3.2694,"2LP4:A, Y::PMID=22494339",PDBbind v2020,Y,A,"CheY (RR) in the presence of the CheY-binding domain, P2",E. coli CheA P1 domain (HPt),0.004,,SOLUTION NMR,
2MP0,-2.1843,"2MP0:A, B::PMID=nan",PDBbind v2020,B,A,Glucose-specific phosphotransferase enzyme II A (EIIA Glc),Phosphoenolpyruvate-protein phosphotransferase enzyme I (EI),0.025,,SOLUTION NMR,
4Q5U,-16.361,"4Q5U:A, C::PMID=25144868",PDBbind v2020,C,A,"recognition site from calcineurin, pCaN",calmodulin CaM,1.00E-12,,X-RAY DIFFRACTION,
5HVF,-14.3471,"5HVF:A, B::PMID=TBD",SAbDab,B,A,antibody,carboxypeptidase b2,3.00E-11,SPR,X-RAY DIFFRACTION,
3FPU,-13.5262,"3FPU:A, B::PMID=20041127",PDBbind v2020,B,A,70-mer,Evasin-1,1.20E-10,,X-RAY DIFFRACTION,
2KHS,-8.7855,"2KHS:A, B::PMID=19658434",PDBbind v2020,B,A,35-mer,Thermonuclease residues 83-203,3.60E-07,,SOLUTION NMR,
3DAW,-6.4067,"3DAW:A, B::PMID=18625842",Affinity Benchmark v5.5,A,B,Alpha actin,Twinfilin-1 C-terminal domain,2.00E-05,,X-RAY DIFFRACTION,
1F47,-6.3611,"1F47:A, B::PMID=10880432",SKEMPI v2.0,A,B,FtsZ fragment,ZipA,2.16E-05,SPR,X-RAY DIFFRACTION,298(assumed)
1U5S,-3.4397,"1U5S:A, B::PMID=15721255",PDBbind v2020,B,A,PINCH-1 LIM4 domain,Nck-2 SH3 domain,0.003,,SOLUTION NMR,
2NU1,-12.7663,"2NU1:E, I::PMID=9047374",SKEMPI v2.0,E,I,Streptomyces griseus proteinase B,Turkey ovomucoid third domain,3.23E-10,SP,X-RAY DIFFRACTION,294